lang,book,chapter,verse,find,replace,note
bg,Ps,119,0,Песен на възлизаме.,Песен на възлизане.,"Печатна грешка в изворника на azbyka.ru. ⚠ НЕ се поправя с обща замяна: „възлизаме" е ВЯРНО в Мт.20:18, Мк.10:33 и Лк.18:31 („ето, възлизаме за Йерусалим")."
bg,Ps,43,5,Накова,Иакова,"OCR грешка в изворника: „Н"" вместо „И"" в името Иаков. ⚠ Не се поправя с обща замяна — виж бележката при load_corrections()."
bg,Ps,46,5,Накова,Иакова,"OCR грешка в изворника: „Н"" вместо „И"" в името Иаков. ⚠ Не се поправя с обща замяна — виж бележката при load_corrections()."
bg,Ps,58,14,Накова,Иакова,"OCR грешка в изворника: „Н"" вместо „И"" в името Иаков. ⚠ Не се поправя с обща замяна — виж бележката при load_corrections()."
bg,Ps,76,16,Накова,Иакова,"OCR грешка в изворника: „Н"" вместо „И"" в името Иаков. ⚠ Не се поправя с обща замяна — виж бележката при load_corrections()."
bg,Ps,77,21,Накова,Иакова,"OCR грешка в изворника: „Н"" вместо „И"" в името Иаков. ⚠ Не се поправя с обща замяна — виж бележката при load_corrections()."
bg,Ps,77,71,Накова,Иакова,"OCR грешка в изворника: „Н"" вместо „И"" в името Иаков. ⚠ Не се поправя с обща замяна — виж бележката при load_corrections()."
bg,Ps,84,2,Накова,Иакова,"OCR грешка в изворника: „Н"" вместо „И"" в името Иаков. ⚠ Не се поправя с обща замяна — виж бележката при load_corrections()."
bg,Ps,97,3,Накова,Иакова,"OCR грешка в изворника: „Н"" вместо „И"" в името Иаков. ⚠ Не се поправя с обща замяна — виж бележката при load_corrections()."
