date,name,rule,note
2026-07-12,Прп. Паисий Светогорец († 1994),Петдесетница+42 (6-та неделя след Петдесетница),"Подвижността НЕ е записана в текста — външно, традиционно знание. Потвърдено от потребителя."
2026-06-12,Прп. Варлаам Хутински († 1192) (преходно празнуване в 1-ви петък на Петровия пост),(ВсичкиСветии+1)>=пет,"Постна котва без име в текста (""1-ви петък на Петровия пост""). Петровият пост започва в понеделника СЛЕД неделята на Всички светии."
2026-07-26,Памет на светите отци на шестте Вселенски събора (преходно празнуване в неделята най-близка до 16/29 юли),07-16~нед,"""неделята най-близка до 16/29 юли"" — 16 = църковно (стар стил), 29 = старостилно гражданско, дадени директно с наклонена черта."
2026-11-15,"Свщмч. Борис, митр. Неврокопски († 1948) (преходно празнуване в неделя преди Архангеловден)",Архангеловден<нед,"""неделя преди Архангеловден"". Архангеловден е именуван неподвижен празник, църковната му дата (8.11) е изведена от данните (21.11 граждански стар стил − 13)."
2026-09-13,Пренасяне мощите на блгв. княз Петър (в монашество Давид) и княгиня Феврония (в монашество Евфросиния) Муромски чудотворци (1992) (преходно празнуване в неделята преди 6 септември),09-06<нед,"""неделя преди 6 септември"" — голото число е църковната (юлианска) дата НАПРАВО, без конвертиране — същата конвенция както при ""16/29 юли"" (число без наклонена черта = стар стил = църковно). Първият ми опит обърна посоката погрешно (извади 13 вместо да ползва направо) и не мина проверката — коригирано."
2026-05-30,Вселенска задушница,Пасха+48,"Задушница преди Петдесетница (Троицына родителска събота) — думата ""задушница"" не е в PASCHA regex-а на classify(), падаше в fixed."
2026-11-14,Архангелова задушница,Архангеловден<съб,"Задушница преди Архангеловден — ""[прилагателно] задушница"" не се хваща от ANCHOR regex-а (той търси буквално ""събота преди/след [име]""), падаше в fixed."
2026-02-23,Начало на Великия пост,Пасха-48,Чистият понеделник. classify() го оставяше fixed: PASCHA regex-ът търси „Велик(и|а|ата) пост“ и не хваща „Великия пост“. Стоеше на датата от семето във всяка година.
2026-06-08,Начало на Петровия пост,ВсичкиСветии+1,"Понеделникът след Неделя на всички светии (Пасха+57). Думата „Петров“ изобщо не е в PASCHA regex-а, тъй че падаше в fixed."
